,word,x,y
0,React,-10.334615707397461,-35.01774597167969
1,2018,-45.6943473815918,27.6059627532959
2,2017,-42.354835510253906,24.44713592529297
3,I,6.154005527496338,-42.05991744995117
4,MongoDB,-11.668539047241211,-34.896263122558594
5,2016,-42.083126068115234,24.053150177001953
6,Software,-32.28342819213867,-26.854402542114258
7,Lambda,-35.1671142578125,-12.675952911376953
8,team,16.900074005126953,32.674503326416016
9,Redux,-12.109272956848145,-34.93007278442383
10,Express,-11.235624313354492,-35.12335968017578
11,Python,-16.698055267333984,-32.85231399536133
12,School,-38.217742919921875,-12.468829154968262
13,development,16.017831802368164,-32.35783386230469
14,Node,-11.37888240814209,-34.35999298095703
15,app,6.013739109039307,-24.14662742614746
16,JavaScript,-14.9257173538208,-30.769508361816406
17,project,-0.47006115317344666,-7.360720634460449
18,Django,-16.9511661529541,-32.945255279541016
19,data,33.67753219604492,0.9026579856872559
20,2015,-38.85956954956055,26.053380966186523
21,end,-4.023105621337891,-25.35944175720215
22,web,-17.695219039916992,-17.41288948059082
23,Web,-23.444841384887695,-26.71544075012207
24,Science,-34.34378433227539,-18.4189453125
25,C,-14.5285062789917,-15.83525276184082
26,University,-44.1904182434082,6.063327312469482
27,Development,-29.88361930847168,-26.715131759643555
28,|,-41.94100570678711,-10.603799819946289
29,stack,0.11604094505310059,-38.55141830444336
30,Engineer,-44.5589714050293,30.549806594848633
31,software,15.108247756958008,-35.81410598754883
32,programming,18.976926803588867,-34.42510986328125
33,Computer,-34.377105712890625,-18.452470779418945
34,experience,21.84423828125,-39.96544647216797
35,projects,19.900524139404297,-38.115013122558594
36,'s,10.370165824890137,-3.174651861190796
37,2014,-39.171630859375,25.970420837402344
38,application,43.821685791015625,-15.315934181213379
39,Full,-26.052438735961914,-25.500802993774414
40,Built,4.9599456787109375,-20.796310424804688
41,Current,-43.7526969909668,29.333538055419922
42,CSS,-15.892557144165039,-30.71026611328125
43,including,-13.5672607421875,-44.01594161987305
44,built,2.393242120742798,-20.305692672729492
45,June,-43.13514709472656,23.731996536254883
46,May,-42.652469635009766,28.265514373779297
47,HTML,-17.300752639770508,-30.2677059173584
48,work,18.219104766845703,-37.98994445800781
49,A,-2.133589744567871,-0.9078560471534729
50,client,21.19011116027832,-41.752769470214844
51,Git,13.655057907104492,-34.08316421508789
52,2012,-40.06343460083008,31.755611419677734
53,CS,-30.547515869140625,-25.362167358398438
54,Developer,-23.175371170043945,-16.830102920532227
55,Jan,-42.2685661315918,31.71763038635254
56,Native,-8.914340019226074,-33.934879302978516
57,students,19.31473731994629,-13.333584785461426
58,Data,-26.70326805114746,-33.985748291015625
59,Javascript,-14.526084899902344,-34.779293060302734
60,API,-6.139273166656494,-24.48943519592285
61,The,-2.756181478500366,-7.946900844573975
62,month,-33.5753288269043,-24.97184944152832
63,clients,23.756816864013672,-39.52776336669922
64,time,38.86555480957031,8.53857707977295
65,Stack,-25.403894424438477,-25.656356811523438
66,Mocha,-17.957664489746094,-36.86515808105469
67,‚Äôs,-33.76807403564453,2.2366180419921875
68,Node.js,-13.488428115844727,-34.76890563964844
69,user,36.827796936035156,-15.366169929504395
70,based,36.82487869262695,-26.151275634765625
71,server,20.908601760864258,-42.53152847290039
72,testing,20.368803024291992,-41.26253890991211
73,July,-44.09423828125,21.544078826904297
74,6,-33.49635314941406,-24.983549118041992
75,Chai,-17.999343872070312,-36.84859848022461
76,program,-31.613441467285156,-23.981731414794922
77,MERN,0.09855935722589493,-38.54703903198242
78,Experience,-19.37615203857422,10.16784381866455
79,CA,-49.62900161743164,-0.8367868065834045
80,customer,22.2198486328125,24.945058822631836
81,SQL,-18.355003356933594,-32.17219924926758
82,curriculum,-32.13043975830078,-30.500967025756836
83,San,-49.58895492553711,-0.8233212232589722
84,Manager,-30.183807373046875,29.699033737182617
85,Engineering,-34.427268981933594,-16.813800811767578
86,Worked,17.678466796875,30.09067153930664
87,EXPERIENCE,-26.744665145874023,-10.595975875854492
88,2013,-40.35590744018555,27.831361770629883
89,Created,35.256595611572266,-8.22251033782959
90,Lead,-18.708906173706055,17.797603607177734
91,design,46.24412536621094,2.520914077758789
92,2010,-38.86595153808594,31.709110260009766
93,Project,-30.145458221435547,29.68621253967285
94,business,43.46846389770508,20.287263870239258
95,Skills,-19.276729583740234,7.591880798339844
96,code,26.753759384155273,-27.276538848876953
97,Mar,-35.31223678588867,32.34320068359375
98,users,40.06771469116211,-15.042234420776367
99,skills,10.188789367675781,-38.45158386230469
100,College,-43.946170806884766,2.3110461235046387
101,Assistant,-37.25254821777344,25.80255889892578
102,database,-3.2750637531280518,-27.589866638183594
103,Jun,-37.746578216552734,29.91914939880371
104,management,24.996049880981445,34.014183044433594
105,SKILLS,-12.779888153076172,-0.7601963877677917
106,game,-2.872647762298584,3.8307363986968994
107,Completed,-31.93346405029297,-30.204614639282227
108,Apr,-35.313419342041016,32.314266204833984
109,working,23.40566635131836,-37.753238677978516
110,service,32.658851623535156,24.76951026916504
111,Education,-34.973167419433594,5.594073295593262
112,training,40.77583694458008,13.696793556213379
113,Projects,-25.99777603149414,-11.630374908447266
114,It,-4.132688522338867,3.876798152923584
115,building,47.38851547241211,6.940491199493408
116,pair,18.52501678466797,-33.70632553100586
117,Time,-32.5884895324707,-25.103729248046875
118,Remote,5.357914447784424,34.412044525146484
119,Java,-5.685252666473389,24.66997718811035
120,Stripe,-1.6605889797210693,-31.501258850097656
121,Present,-43.54568862915039,20.710067749023438
122,new,37.35594940185547,20.695711135864258
123,system,36.517059326171875,-5.11600923538208
124,March,-42.169761657714844,23.144245147705078
125,C++,-14.361686706542969,-15.495100975036621
126,applications,29.298503875732422,37.19636917114258
127,product,20.307371139526367,28.674413681030273
128,EDUCATION,-30.744091033935547,5.390855312347412
129,fundamentals,-28.747421264648438,-23.643556594848633
130,Program,-31.614606857299805,-28.973608016967773
131,3,4.26544189453125,2.4221439361572266
132,Jan.,-44.379703521728516,22.482711791992188
133,Aug,-38.28580093383789,31.300966262817383
134,Designed,22.080013275146484,27.084814071655273
135,PROJECTS,-21.034149169921875,4.027153968811035
136,mobile,38.81059646606445,-20.994903564453125
137,Business,-38.6082649230957,11.802522659301758
138,Provided,37.612674713134766,17.62236213684082
139,MySQL,-17.24374771118164,-27.318145751953125
140,English,-14.747908592224121,9.811699867248535
141,Oct,-41.843467712402344,30.449846267700195
142,site,14.621587753295898,-23.926128387451172
143,Sales,-31.413496017456055,24.078704833984375
144,Developed,44.97975158691406,-8.963894844055176
145,agile,17.109153747558594,-33.78480911254883
146,Managed,22.90955352783203,-13.235328674316406
147,This,44.059120178222656,-14.708206176757812
148,sales,42.29182052612305,23.131196975708008
149,website,8.15815258026123,-16.140121459960938
150,Led,24.540206909179688,-25.78680419921875
151,E,-6.550471305847168,15.493657112121582
152,challenges,12.64714241027832,-37.67839050292969
153,technical,31.04547691345215,21.885387420654297
154,create,36.87771224975586,-14.673014640808105
155,+,20.575740814208984,-7.874704837799072
156,coding,12.157072067260742,-37.64923858642578
157,course,-31.810392379760742,-30.660737991333008
158,Google,-6.0462846755981445,20.285049438476562
159,ÔÇõ,-44.87980270385742,-5.531779766082764
160,Utilized,15.68773365020752,-33.680938720703125
161,customers,30.890588760375977,-17.14610481262207
162,information,40.097190856933594,-6.859779357910156
163,Management,-27.5867919921875,28.280094146728516
164,Texas,-43.390201568603516,7.503855228424072
165,ÔÉ°,-44.956993103027344,-5.497832298278809
166,marketing,42.39603805541992,23.071237564086914
167,Mongoose,-12.178742408752441,-33.458030700683594
168,teams,19.226842880249023,31.08302879333496
169,Analyst,-34.617610931396484,27.70990562438965
170,Hands,-15.785195350646973,-39.868534088134766
171,Structures,-26.315906524658203,-33.623775482177734
172,allows,40.04500961303711,-14.977508544921875
173,knowledge,20.306072235107422,-4.266846656799316
174,daily,26.010379791259766,-21.022541046142578
175,ÔÉ†,-49.9847412109375,-6.267490386962891
176,ÔÇï,-51.0357551574707,-5.603702545166016
177,My,7.322380065917969,13.714411735534668
178,HTML5,-16.352388381958008,-29.061443328857422
179,PHP,-17.80133628845215,-26.481433868408203
180,Design,-12.90947151184082,-24.707530975341797
181,company,41.22607421875,18.287521362304688
182,group,24.887483596801758,-26.919872283935547
183,August,-37.071250915527344,23.7484188079834
184,Heroku,-8.19670581817627,-22.383899688720703
185,2008,-40.16070556640625,30.59014129638672
186,Work,-18.99080467224121,10.679099082946777
187,Application,-13.79076099395752,19.29785919189453
188,communication,35.109432220458984,8.667140007019043
189,analysis,33.1944465637207,0.7676472067832947
190,systems,35.36647415161133,-2.3237695693969727
191,developed,9.282269477844238,4.274712085723877
192,Linux,-13.146894454956055,-18.466482162475586
193,created,-1.0572717189788818,3.84696102142334
194,XXXXX,-51.739933013916016,-6.241122722625732
195,Algorithms,-26.12160873413086,-33.44110107421875
196,5,11.263375282287598,-21.001407623291016
197,solutions,34.52486038208008,-17.705869674682617
198,hours,4.93930721282959,27.308948516845703
199,Android,6.888006210327148,-23.76015281677246
200,paired,19.649675369262695,-35.431297302246094
201,Francisco,-47.93842315673828,-0.6476296186447144
202,Inc.,-40.133853912353516,21.444835662841797
203,Bootstrap,-11.421614646911621,-31.67554473876953
204,NJ,-43.81785202026367,1.0043177604675293
205,XXXXXXXXXXXX,-49.608882904052734,-5.670639991760254
206,Used,-3.7288601398468018,27.677040100097656
207,State,-43.19942092895508,5.858108043670654
208,S,-6.293965816497803,15.236492156982422
209,learning,16.91591453552246,-16.170074462890625
210,Technical,-29.491226196289062,26.732667922973633
211,digital,34.556636810302734,21.53572654724121
212,reviews,29.107141494750977,-24.2872371673584
213,etc,-11.958008766174316,-11.03622817993164
214,UI,-4.188895225524902,-24.629907608032227
215,managed,22.994949340820312,33.0220947265625
216,REST,-6.678266525268555,-24.467771530151367
217,2011,-39.73310470581055,29.408578872680664
218,SOFTWARE,-19.848398208618164,-22.799175262451172
219,Feb,-45.01683044433594,28.013214111328125
220,NodeJS,-14.755400657653809,-32.21625900268555
221,Bachelor,-38.8473014831543,2.8977761268615723
222,Gained,22.458898544311523,-38.73591232299805
223,understanding,22.789440155029297,-38.4973258972168
224,demands,22.725082397460938,-39.116024017333984
225,Tech,-13.949387550354004,-28.19964599609375
226,Marketing,-32.61545181274414,24.438220977783203
227,Programming,-23.729066848754883,-7.3295817375183105
228,flow,16.792726516723633,-36.92896270751953
229,developers,18.23731231689453,29.342378616333008
230,Agile,15.118711471557617,-33.64711380004883
231,track,5.405900955200195,-11.904711723327637
232,Services,-15.999225616455078,-24.876893997192383
233,increase,41.24046325683594,23.93522834777832
234,2006,-40.212066650390625,29.924560546875
235,native,-13.440183639526367,-42.83484649658203
236,store,38.10916519165039,-6.733218193054199
237,problems,8.471721649169922,-42.10377502441406
238,Dec.,-39.93443298339844,23.9326114654541
239,solving,6.619178295135498,-39.7080192565918
240,research,20.912376403808594,-23.223146438598633
241,manage,40.95824432373047,-9.589805603027344
242,utilizing,-4.082221984863281,-27.558246612548828
243,operations,25.412166595458984,27.653669357299805
244,Systems,-22.66346549987793,-10.082925796508789
245,multiple,33.49484634399414,10.284881591796875
246,Technology,-41.80823516845703,8.840141296386719
247,meetings,31.890138626098633,-21.541719436645508
248,Operations,-33.4810676574707,25.54678726196289
249,workflow,15.172983169555664,-34.87921905517578
250,reports,36.05652618408203,-6.148128986358643
251,services,18.7802791595459,6.147868633270264
252,platform,46.039329528808594,-11.902259826660156
253,progress,8.56123161315918,24.013946533203125
254,XXXXXXXX,-50.988609313964844,-6.570348739624023
255,Mongo,-8.353550910949707,-30.897926330566406
256,Client,-20.320587158203125,-33.126216888427734
257,TX,-46.911827087402344,0.8610775470733643
258,2,-0.3429739773273468,8.00747299194336
259,help,0.20374701917171478,11.192131996154785
260,Team,-21.49563980102539,30.705921173095703
261,$,30.31048011779785,-8.455313682556152
262,online,14.209894180297852,2.488875389099121
263,student,28.669910430908203,-26.153894424438477
264,2009,-39.697025299072266,30.06411361694336
265,GitHub,12.734983444213867,-33.19990158081055
266,Approached,22.328765869140625,-29.980735778808594
267,day,12.957984924316406,26.330224990844727
268,industry,36.267547607421875,12.022319793701172
269,Nov,-41.60786437988281,28.904521942138672
270,Implemented,41.43318557739258,-2.8901124000549316
271,Microsoft,-1.9299943447113037,-11.827244758605957
272,written,-12.856348037719727,-39.24931335449219
273,PostgreSQL,-11.922953605651855,-20.11917495727539
274,Oct.,-40.43232345581055,23.35323715209961
275,Responsible,37.31191635131836,14.59880256652832
276,weekly,31.91977882385254,-21.512617111206055
277,support,37.45014953613281,17.355270385742188
278,Testing,-21.63165283203125,-31.437942504882812
279,process,36.913734436035156,5.142398357391357
280,Support,-30.04819679260254,25.719921112060547
281,tools,44.0602912902832,-6.804792404174805
282,WordPress,-5.487173557281494,-15.94436264038086
283,developer,5.6063337326049805,-39.4401741027832
284,JS,-10.393861770629883,-22.583114624023438
285,week,22.211307525634766,-7.026468276977539
286,include,-9.819864273071289,10.92187786102295
287,language,23.494260787963867,-19.95710563659668
288,ENGINEER,-20.57581329345703,-21.268936157226562
289,text,2.3153305053710938,-29.15367317199707
290,New,-47.4483642578125,4.593522071838379
291,school,14.318465232849121,-16.373838424682617
292,computer,-28.862085342407227,-22.411476135253906
293,members,23.64188003540039,-4.640201091766357
294,months,30.26460075378418,-10.305318832397461
295,Certificate,-36.07508087158203,0.4089992046356201
296,Student,-44.71493911743164,12.912322044372559
297,Dec,-38.24757385253906,28.510156631469727
298,components,0.08599817752838135,28.08448028564453
299,Japanese,-22.35965347290039,22.473718643188477
300,feedback,33.545188903808594,-15.287105560302734
301,Languages,-22.979888916015625,-7.186742782592773
302,assignments,19.649839401245117,-12.746953964233398
303,üìé,-14.685419082641602,18.63126564025879
304,ensure,26.47827911376953,27.667688369750977
305,revenue,28.698314666748047,-7.994352340698242
306,complete,43.39332962036133,7.7154927253723145
307,AWS,-5.426028251647949,-27.957006454467773
308,Senior,-27.585588455200195,18.641191482543945
309,1,-28.880699157714844,-7.790011405944824
310,improve,38.07512283325195,20.048677444458008
311,interface,39.652915954589844,-9.29563045501709
312,K,-5.207266807556152,12.489599227905273
313,technologies,-5.387052059173584,-34.46525573730469
314,App,-18.843570709228516,28.278501510620117
315,Academy,-31.89585304260254,-19.609067916870117
316,present,9.280333518981934,-18.07619857788086
317,Twilio,-1.7804003953933716,-31.4510555267334
318,organization,8.298731803894043,21.35672378540039
319,job,29.185863494873047,27.90768814086914
320,needs,40.21379089355469,-3.580518960952759
321,like,-3.4757258892059326,-15.680084228515625
322,Unity,-4.154962062835693,2.5559916496276855
323,react,-12.599748611450195,-42.79033279418945
324,chai,-14.852323532104492,-40.596588134765625
325,Maintained,40.605106353759766,16.557920455932617
326,model,21.71108627319336,4.820897102355957
327,local,18.35453224182129,12.129695892333984
328,Feb.,-42.821502685546875,26.953189849853516
329,Nov.,-42.41176223754883,26.739126205444336
330,page,43.84523391723633,-10.870853424072266
331,people,44.006465911865234,-13.026392936706543
332,custom,-0.5587801337242126,-20.905662536621094
333,use,0.0024384751450270414,-9.214481353759766
334,Sep,-36.11216735839844,28.443601608276367
335,payment,2.168199062347412,-26.162738800048828
336,inventory,37.669525146484375,-8.765913963317871
337,Associate,-37.84894561767578,21.007097244262695
338,UT,-36.21003341674805,24.487316131591797
339,Authentication,-20.084896087646484,-32.01395797729492
340,Express.js,-10.427340507507324,-32.660308837890625
341,mongoDB,-13.733179092407227,-40.846126556396484
342,R,-7.138574123382568,13.195050239562988
343,developing,29.063140869140625,37.08119583129883
344,search,44.18796157836914,-19.98358154296875
345,video,37.20518493652344,4.4503254890441895
346,O,-6.427553176879883,14.58101749420166
347,L,-6.0174736976623535,14.566512107849121
348,ReactJS,-13.90024185180664,-31.50806427001953
349,Jest,-20.177326202392578,-34.42325210571289
350,features,1.5065058469772339,-21.98214340209961
351,GraphQL,-7.515165328979492,-24.387008666992188
352,India,-37.48036193847656,6.367485523223877
353,Summary,-20.84427833557129,6.352046489715576
354,Security,-25.008005142211914,-6.195078372955322
355,related,34.065757751464844,6.172693252563477
356,build,38.00656509399414,-19.73780632019043
357,final,-2.879038095474243,-7.555593490600586
358,Assisted,33.747745513916016,17.128124237060547
359,production,32.90454864501953,29.96019172668457
360,Conducted,22.146543502807617,-0.6638327836990356
361,Analysis,-7.201784133911133,-11.89639949798584
362,South,-29.688037872314453,2.7424776554107666
363,Amazon,-14.754510879516602,-25.11666488647461
364,Server,-19.784378051757812,-32.1830940246582
365,2001,-46.9091796875,18.698816299438477
366,Master,-35.68776321411133,2.292644739151001
367,small,15.5303955078125,-4.6600871086120605
368,United,-43.94540786743164,-12.07752799987793
369,WA,-42.64128875732422,16.717105865478516
370,tech,36.61395263671875,11.30396556854248
371,Hackathon,-3.175680160522461,-0.13585148751735687
372,NY,-46.7750358581543,2.6368746757507324
373,After,1.8162152767181396,18.575183868408203
374,Slack,16.188644409179688,27.427955627441406
375,DEVELOPMENT,-17.898481369018555,-22.577381134033203
376,express,-14.019638061523438,-41.680442810058594
377,mocha,-14.560007095336914,-40.798831939697266
378,Tutor,-34.19136047363281,22.01105499267578
379,high,30.7684268951416,2.1317646503448486
380,12,14.641862869262695,-20.044586181640625
381,CSS3,-16.310014724731445,-29.007816314697266
382,Math,-40.27068328857422,-0.32340171933174133
383,Mathematics,-38.421546936035156,2.375267267227173
384,monthly,30.4637508392334,-8.047772407531738
385,fundamental,-31.91734504699707,-25.18143081665039
386,manager,-3.037846565246582,-3.428927421569824
387,problem,6.550755977630615,-39.80490493774414
388,ExpressJS,-14.354902267456055,-31.640399932861328
389,Center,-39.93196105957031,10.91464900970459
390,December,-38.89514923095703,23.313982009887695
391,utilized,-1.7022929191589355,-25.418485641479492
392,implemented,14.323932647705078,14.17342472076416
393,rate,30.83228302001953,-2.949538469314575
394,Research,-37.42546463012695,13.085747718811035
395,End,-22.657798767089844,-26.758697509765625
396,designed,22.820348739624023,-17.826133728027344
397,campaigns,40.780555725097656,20.618507385253906
398,LLC,-39.96064758300781,-5.377098083496094
399,integrated,9.760040283203125,-2.4263460636138916
400,Repository,-14.612016677856445,18.678110122680664
401,maintaining,24.323671340942383,6.079298496246338
402,financial,35.41569137573242,-0.7012656331062317
403,develop,42.5960578918457,5.745119571685791
404,documents,37.608009338378906,25.778406143188477
405,UX,44.347434997558594,2.552844524383545
406,creating,37.88762664794922,24.754304885864258
407,issues,46.01471710205078,0.5607404112815857
408,Information,-41.84734344482422,8.66978645324707
409,successful,34.48030090332031,12.769352912902832
410,quality,38.31171798706055,14.571877479553223
411,processes,24.08527946472168,30.926525115966797
412,internal,32.88362503051758,-2.639065742492676
413,Corporation,-32.737064361572266,13.863394737243652
414,goals,5.843859672546387,23.06985092163086
415,Excel,-8.531352996826172,-13.596214294433594
416,APIs,-12.400357246398926,-22.295059204101562
417,Phoenix,-50.308631896972656,5.098365306854248
418,functional,23.35049819946289,8.941187858581543
419,hour,-1.530056357383728,0.9733094573020935
420,LANGUAGES,-15.129969596862793,7.211586952209473
421,ÔÅî,26.14982795715332,16.169906616210938
422,social,15.310022354125977,-23.348968505859375
423,We,31.436365127563477,30.14043426513672
424,Seattle,-42.64086151123047,16.7281551361084
425,apps,8.734498977661133,-6.594665050506592
426,groups,34.941131591796875,-13.099126815795898
427,American,-39.728939056396484,8.442371368408203
428,XXXXXXXXXXXXXXXXXXXX,-47.48439407348633,-6.929352283477783
429,functions,8.654294967651367,-5.143431186676025
430,years,-0.3956258296966553,8.084303855895996
431,Jul,-37.17200469970703,28.386571884155273
432,California,-43.9207878112793,-1.7367124557495117
433,redux,-13.376873970031738,-42.421669006347656
434,node,-13.777602195739746,-41.981956481933594
435,community,8.57250690460205,-18.552249908447266
436,focused,30.868419647216797,15.850676536560059
437,making,19.376670837402344,-17.38174057006836
438,managers,31.177993774414062,-15.115227699279785
439,Basic,-11.974980354309082,10.361143112182617
440,Online,-33.72496795654297,-10.123384475708008
441,included,1.9235916137695312,-3.977766275405884
442,events,34.37159729003906,-13.104985237121582
443,life,7.285584449768066,-41.16628646850586
444,Contact,-47.36776351928711,-10.020466804504395
445,SUMMARY,-19.981714248657227,4.454565048217773
446,control,11.421937942504883,-30.571163177490234
447,workÔ¨Çow,17.377378463745117,21.43282127380371
448,orders,21.514345169067383,23.594505310058594
449,Front,-21.794330596923828,-27.317413330078125
450,procedures,38.681121826171875,19.98807144165039
451,2005,-33.992069244384766,21.423547744750977
452,world,17.161962509155273,-17.203006744384766
453,led,22.077049255371094,-5.043442249298096
454,dedicated,29.256200790405273,-21.016008377075195
455,activities,35.3082160949707,14.865521430969238
456,personal,4.970705509185791,-16.79350471496582
457,worked,45.82234191894531,1.4744011163711548
458,content,11.431478500366211,2.555306911468506
459,Intern,-36.278564453125,27.217060089111328
460,Technologies,-22.662424087524414,-4.807483673095703
461,React.js,-10.039338111877441,-29.670658111572266
462,AZ,-50.2883415222168,5.091075420379639
463,engineering,34.80992126464844,16.66707420349121
464,P,-6.2760443687438965,13.077066421508789
465,ÔÇ±,-23.93977165222168,8.178655624389648
466,ÔÅÅ,-50.78617858886719,-5.571526050567627
467,results,44.8762092590332,-19.976726531982422
468,Coordinator,-38.880794525146484,24.372411727905273
469,Aug.,-38.9500617980957,24.625144958496094
470,Ruby,-21.65964698791504,-17.479646682739258
471,IT,-29.701099395751953,24.59156036376953
472,reporting,38.70623016357422,10.254674911499023
473,security,23.646699905395508,31.166053771972656
474,aspects,23.93053436279297,26.632741928100586
475,technology,27.810138702392578,10.422765731811523
476,automation,12.630718231201172,-0.3331809341907501
477,implementation,45.033016204833984,3.9524054527282715
478,Access,-1.2288445234298706,-11.95511245727539
479,BS,-38.63620376586914,10.435291290283203
480,authentication,42.68397903442383,-4.551845550537109
481,care,32.317955017089844,-5.453660488128662
482,LESS,-14.5925931930542,-22.132707595825195
483,media,15.442968368530273,-23.251583099365234
484,SQLite,-9.660758018493652,-30.412992477416992
485,education,5.585984706878662,5.817368507385254
486,Language,-27.235315322875977,-4.176670074462891
487,Washington,-43.06975173950195,5.266517639160156
488,Army,-47.21815490722656,18.645259857177734
489,companies,13.669069290161133,7.396909713745117
490,US,16.043502807617188,18.6191349029541
491,Leader,-46.000606536865234,18.23900032043457
492,Hey,-23.12661361694336,31.42852783203125
493,portfolio,9.163823127746582,-16.299604415893555
494,15,28.40304946899414,-12.888081550598145
495,backend,-2.3455801010131836,-23.856935501098633
496,simple,1.468268871307373,-21.626901626586914
497,Bot,-23.204517364501953,31.547359466552734
498,Game,-25.077354431152344,13.449951171875
499,insurance,15.715838432312012,8.743162155151367
500,remote,29.571592330932617,17.790239334106445
501,Photoshop,-18.4023380279541,9.376245498657227
502,area,0.5357301831245422,16.478527069091797
503,Teaching,-36.59199142456055,15.357630729675293
504,Router,-12.607763290405273,-30.89397621154785
505,Sept.,-38.24321746826172,22.144926071166992
506,Store,-27.11219596862793,24.59495735168457
507,iOS,6.937137603759766,-23.731294631958008
508,January,-40.217220306396484,19.78312873840332
509,duties,-1.7271703481674194,18.05169677734375
510,Customer,-23.523527145385742,18.614540100097656
511,County,-41.77265548706055,0.546393871307373
512,XXXXXXXXXXXXXXXXXXXXXXXX,-48.63352584838867,-9.698761940002441
513,Arts,-38.1693000793457,3.680910348892212
514,processing,18.48775863647461,1.5561710596084595
515,10,27.724775314331055,-10.621811866760254
516,library,-9.891312599182129,-16.930694580078125
517,best,8.593511581420898,9.841217994689941
518,U.S.,-39.8752555847168,13.77579116821289
519,Applied,-37.696468353271484,0.3441077470779419
520,different,18.231220245361328,9.973064422607422
521,Korea,-29.12664794921875,1.7577080726623535
522,campus,19.944129943847656,-8.573644638061523
523,October,-40.14861297607422,19.87541961669922
524,Los,-47.54640579223633,-3.513115167617798
525,Angeles,-47.554447174072266,-3.5088303089141846
526,25,42.944576263427734,-0.7657443284988403
527,class,14.08690071105957,-14.083178520202637
528,XXXXXXXXXXXXXXXXXXX,-47.99852752685547,-8.23629093170166
529,8,26.9423828125,22.4169921875
530,C.,-15.275218963623047,-8.209985733032227
531,Architecture,-22.569564819335938,-9.458956718444824
532,installation,32.787574768066406,18.14558219909668
533,engineers,37.69951629638672,26.436908721923828
534,provide,31.984994888305664,-12.744091987609863
535,Github,-6.940303325653076,-19.58605194091797
536,Labs,-38.2020149230957,-11.366598129272461
537,Company,24.888416290283203,-14.758060455322266
538,planning,34.31966781616211,17.81852912902832
539,email,12.073079109191895,-0.6227318048477173
540,Designer,-37.578250885009766,18.966421127319336
541,overall,18.463382720947266,28.06654930114746
542,LAMP,-19.472652435302734,-16.834598541259766
543,functionality,40.41719055175781,-2.208064556121826
544,One,44.11080551147461,11.795336723327637
545,hosted,-3.365217447280884,-23.478164672851562
546,notifications,-1.06976318359375,-29.111303329467773
547,Loanie,-8.117895126342773,-18.111825942993164
548,git,16.395980834960938,-35.501243591308594
549,RESTful,-11.4774751663208,-20.100337982177734
550,4,11.17731761932373,0.864183247089386
551,‚àí,-35.94452667236328,20.740732192993164
552,cloud,36.11539077758789,-26.510507583618164
553,strategy,23.032514572143555,18.88259506225586
554,implement,24.638870239257812,24.027915954589844
555,maintained,12.23250961303711,7.564615249633789
556,storage,16.45384407043457,2.5227434635162354
557,Oversaw,20.897069931030273,20.96290397644043
558,post,10.708703994750977,0.2703547775745392
559,productivity,15.130480766296387,6.327984809875488
560,Service,-22.184410095214844,1.2637310028076172
561,better,16.85773277282715,-15.105537414550781
562,Windows,-13.668417930603027,-13.237757682800293
563,accounting,34.25005340576172,-2.6882271766662598
564,languages,-19.00532341003418,-9.531891822814941
565,django,-7.208844184875488,-27.665376663208008
566,PRESENT,-34.45982360839844,18.613746643066406
567,science,-29.126737594604492,-22.06377601623535
568,90,0.8703411817550659,1.302529215812683
569,order,31.128173828125,-2.355813980102539
570,States,-43.93703842163086,-12.06938648223877
571,books,39.32557678222656,-12.266410827636719
572,An,4.618356704711914,-8.096610069274902
573,learn,39.897518157958984,12.243998527526855
574,necessary,38.21380615234375,13.117671966552734
575,Instructor,-19.40953254699707,13.703295707702637
576,set,5.22944450378418,-2.1566152572631836
577,Area,-44.94546890258789,-2.7086269855499268
578,XXXXXXXXXX,-49.024147033691406,-5.9450836181640625
579,September,-45.43338394165039,18.564319610595703
580,websites,12.442264556884766,9.272443771362305
581,possible,8.36315631866455,11.889309883117676
582,Firebase,-4.844357013702393,-31.57996940612793
583,currently,29.272275924682617,26.019079208374023
584,24,-2.7336878776550293,0.46714743971824646
585,C#.,-2.7968668937683105,2.5510635375976562
586,games,0.048972874879837036,4.282106399536133
587,deployed,-3.540771007537842,-20.71842384338379
588,7,3.2237870693206787,-14.141911506652832
589,products,22.889663696289062,14.673737525939941
590,jQuery,-14.071338653564453,-21.580928802490234
591,seamless,34.27326583862305,8.508408546447754
592,individual,30.813631057739258,14.402815818786621
593,On,9.685847282409668,18.370635986328125
594,Platform,-20.921165466308594,29.345489501953125
595,Increased,28.125009536743164,-14.212281227111816
596,City,-45.78159713745117,-0.9587278962135315
597,requests,28.523677825927734,-24.848690032958984
598,future,30.6982479095459,30.160293579101562
599,Djorg,-15.201951026916504,4.625355243682861
600,version,11.388178825378418,-30.89136505126953
601,Technician,-32.95481872558594,19.763669967651367
602,base,15.742249488830566,-1.9357702732086182
603,person,4.317419528961182,-0.17446693778038025
604,materials,23.77321434020996,-6.995852947235107
605,Community,-42.39537811279297,2.131660223007202
606,||,-34.48789978027344,24.331056594848633
607,Korean,-35.363582611083984,13.522834777832031
608,UNIVERSITY,-34.202449798583984,14.688504219055176
609,John,-40.34986114501953,-7.588551044464111
610,International,-31.757537841796875,9.283342361450195
611,Agent,-40.36058044433594,-3.3942549228668213
612,professional,30.45977020263672,12.627156257629395
613,accounts,-0.7022444009780884,-12.02370834350586
614,real,38.297698974609375,9.020027160644531
615,USA,-38.75896453857422,-6.507910251617432
616,Trello,15.403724670410156,-30.54172134399414
617,Self,-34.357112884521484,-3.611335039138794
618,growth,44.13942337036133,19.583343505859375
619,Adobe,-16.425180435180664,-13.244162559509277
620,Austin,-46.9093132019043,0.9301789402961731
621,generate,37.444149017333984,-8.89776611328125
622,year,23.743152618408203,-12.10926628112793
623,Apache,-12.308234214782715,-18.63878631591797
624,N,-6.2059125900268555,13.393874168395996
625,field,13.867528915405273,22.36729621887207
626,methods,11.918400764465332,-29.75748062133789
627,Illustrator,-16.35484504699707,-13.15851879119873
628,SendGrid,-3.533989191055298,-31.341537475585938
629,completion,43.995121002197266,11.55893611907959
630,architecture,20.36408805847168,-30.317039489746094
631,schedule,32.13460159301758,-14.234349250793457
632,environment,8.303021430969238,16.02449607849121
633,passion,7.053908348083496,-41.090023040771484
634,test,34.74030303955078,3.8662431240081787
635,House,-18.213972091674805,27.035429000854492
636,responsible,5.3145270347595215,12.714776992797852
637,general,27.050880432128906,-0.7783430218696594
638,minor,-0.2858904004096985,27.784526824951172
639,Conference,-45.877872467041016,9.009860038757324
640,e,2.8355655670166016,8.30540657043457
641,ƒÄ,26.321760177612305,16.026063919067383
642,Metronome,-10.450348854064941,-2.231391191482544
643,SVN,-3.526578187942505,26.84632682800293
644,Rails,-21.653688430786133,-17.40281105041504
645,XXXXXXXXXXXXXXXXXXXXX,-46.87340545654297,-7.40252161026001
646,nature,24.862550735473633,8.26600456237793
647,managing,29.465373992919922,15.111052513122559
648,performance,33.21946716308594,4.909198760986328
649,status,42.60333251953125,9.11242389678955
650,strong,45.873409271240234,-1.5235623121261597
651,things,29.79444694519043,11.726821899414062
652,single,44.28139877319336,-9.730437278747559
653,Health,-38.50184631347656,9.54737377166748
654,helping,6.8946309089660645,18.057111740112305
655,Analyzed,29.923717498779297,0.29006341099739075
656,file,11.624540328979492,5.3875017166137695
657,MS,-6.220095634460449,-7.375834941864014
658,conversion,31.935028076171875,-0.36555951833724976
659,payroll,33.91891860961914,-2.6295366287231445
660,XML,-20.259483337402344,-3.289924144744873
661,Office,-36.178749084472656,12.468730926513672
662,No,-5.6164960861206055,-10.55754280090332
663,Docker,-9.371700286865234,-29.30169105529785
664,Institute,-36.50576400756836,4.783449172973633
665,Framework,-14.481491088867188,-23.18942642211914
666,notes,-1.688129186630249,-19.50449562072754
667,Operating,-21.973608016967773,-9.714496612548828
668,GIT,13.267292976379395,-31.5380916595459
669,specializing,-12.355633735656738,-8.611388206481934
670,log,18.645565032958984,2.0038185119628906
671,tests,23.68955421447754,-2.3650968074798584
672,easily,6.3719401359558105,-12.5347900390625
673,provides,-28.837434768676758,-17.901222229003906
674,With,3.282911539077759,6.240303993225098
675,classes,6.42484188079834,5.293449878692627
676,study,18.07430076599121,-25.87232208251953
677,Writing,-23.38058853149414,12.359478950500488
678,times,23.675334930419922,6.213325500488281
679,Repo,5.2716498374938965,15.38331413269043
680,challenge,27.091690063476562,-25.881332397460938
681,charge,-11.60042667388916,23.935710906982422
682,helps,45.45896911621094,-14.392204284667969
683,current,8.579830169677734,-4.441569805145264
684,Word,-8.591070175170898,-13.626794815063477
685,popular,-3.199732780456543,-16.599674224853516
686,Unity3d,-2.9591240882873535,2.4403789043426514
687,place,0.36247310042381287,5.325190544128418
688,Fundamentals,-22.203571319580078,-31.321157455444336
689,coursework,-29.118366241455078,-29.600637435913086
690,academic,-32.96434783935547,-0.9934204816818237
691,20,21.238698959350586,-9.36708927154541
692,styling,15.095261573791504,29.651681900024414
693,review,28.55061912536621,-17.44236946105957
694,average,27.332773208618164,-13.728645324707031
695,30,26.06157684326172,-11.737445831298828
696,Less,-13.096522331237793,-28.631362915039062
697,Curriculum,-5.47222900390625,-5.04252290725708
698,easy,20.107711791992188,-16.531085968017578
699,Also,13.55765151977539,-3.0425047874450684
700,frontend,-7.336052894592285,-31.518648147583008
701,Church,-38.92790222167969,16.380178451538086
702,view,9.496419906616211,-8.61530876159668
703,videos,6.901183605194092,-7.40225076675415
704,tool,2.5646233558654785,-8.727739334106445
705,Life,-43.43875503540039,12.783707618713379
706,Philadelphia,-37.15203857421875,-2.2169692516326904
707,Personal,-26.94046974182129,15.787907600402832
708,2007,-34.449031829833984,20.003801345825195
709,employee,28.871267318725586,27.19340705871582
710,Specialist,-30.508548736572266,13.444612503051758
711,relationships,24.994922637939453,21.34270668029785
712,America,-31.70383071899414,11.765546798706055
713,staÔ¨Ä,22.79852294921875,22.24744415283203
714,Social,-22.608566284179688,14.915498733520508
715,volunteer,20.202150344848633,-9.977768898010254
716,locations,26.14045524597168,-15.350205421447754
717,tasks,25.26667594909668,-19.766374588012695
718,Tutored,12.786273956298828,-19.92144012451172
719,paper,-32.33149719238281,-1.5193109512329102
720,writing,20.341697692871094,-22.879579544067383
721,Chemistry,-40.4656867980957,-0.0027513920795172453
722,analytics,29.247407913208008,-1.5886753797531128
723,long,30.359359741210938,13.573894500732422
724,market,25.59565544128418,-8.540583610534668
725,Provo,-35.38677978515625,24.329105377197266
726,50,24.327314376831055,-7.079092502593994
727,LAMBDA,-42.37474060058594,-8.428191184997559
728,SCHOOL,-42.354766845703125,-8.575901985168457
729,find,14.241409301757812,5.248138427734375
730,governmental,7.19149923324585,34.07563781738281
731,Award,-23.687665939331055,10.351934432983398
732,XXXXXXXXXXXXXXXXXXXXXXX,-46.288082122802734,-8.129274368286133
733,Frontend,-4.529898166656494,-5.045698165893555
734,10/2017,-38.523040771484375,-8.522216796875
735,Achievements,-26.379898071289062,9.938368797302246
736,Back,-21.91773223876953,-27.433637619018555
737,Databases,-21.604990005493164,-29.75925636291504
738,Axios,-12.556022644042969,-29.80542755126953
739,assistance,13.809165954589844,-11.348518371582031
740,Tools,-9.672933578491211,-21.048280715942383
741,Theory,-21.068796157836914,-8.915217399597168
742,assist,26.018108367919922,-18.797149658203125
743,databases,-4.938862323760986,-19.33534812927246
744,Decision,4.081803321838379,-7.019108295440674
745,Economics,-39.85115051269531,7.36512565612793
746,Material,-6.262485027313232,-31.212081909179688
747,Digital,-30.54521369934082,19.47505760192871
748,engine,44.39284133911133,-19.97677230834961
749,survey,20.390201568603516,5.581357479095459
750,Japan,-27.071231842041016,2.423898458480835
751,share,5.940901279449463,-18.824630737304688
752,acquisition,32.6612663269043,3.803396463394165
753,emphasis,-30.236371994018555,-20.54775619506836
754,equipment,34.39067077636719,11.375054359436035
755,entire,12.9974365234375,18.843727111816406
756,line,22.149791717529297,31.568267822265625
757,Music,-21.011837005615234,-2.1785922050476074
758,FULL,-19.151044845581055,-22.14672088623047
759,STACK,-19.142526626586914,-22.30484390258789
760,internet,27.517053604125977,-3.323801040649414
761,Ghost,-6.304325580596924,-1.8201067447662354
762,needed,26.790298461914062,-6.650498390197754
763,access,12.43725872039795,-7.23710823059082
764,Face,-38.07321548461914,-10.310433387756348
765,remotely,-3.7519114017486572,-10.17812728881836
766,Berea,-43.79855728149414,12.11819839477539
767,Campus,-43.71146774291992,11.93907356262207
768,As,-10.89317512512207,22.52650260925293
769,Cast,35.73088836669922,22.607187271118164
770,Members,35.76936721801758,22.581218719482422
771,meet,24.449880599975586,13.810539245605469
772,Honor,-37.711090087890625,3.804748773574829
773,JQuery,-15.643959045410156,-21.057167053222656
774,Ohio,-37.066864013671875,-4.454293251037598
775,loan,4.07858943939209,-10.763638496398926
776,completed,11.38571834564209,5.006852626800537
777,framework,-10.512697219848633,-18.5604190826416
778,Operator,-15.180006980895996,0.19984261691570282
779,tracking,38.05500030517578,0.8798102140426636
780,weeks,4.219891548156738,1.107845664024353
781,payments,9.734223365783691,-0.5054131150245667
782,posts,5.620954513549805,-19.02539825439453
783,printing,-10.371609687805176,-11.938521385192871
784,WPF,-12.189685821533203,-13.745756149291992
785,MVVM,-12.178582191467285,-13.72948932647705
786,ÔÅß,-19.703643798828125,5.678422927856445
787,advertising,23.6885986328125,19.01423454284668
788,house,42.81602478027344,-8.251189231872559
789,stacks,-19.113014221191406,-16.253063201904297
790,GIS,6.208949089050293,34.03742980957031
791,courses,14.399227142333984,-12.6969633102417
792,Unix,-14.781182289123535,-2.3606672286987305
793,Expo,-10.383295059204102,-25.937076568603516
794,A&M,-42.32476806640625,7.373112201690674
795,assistant,-24.881168365478516,21.968067169189453
796,Teacher,-36.02390670776367,17.37229347229004
797,Tata,36.28470230102539,25.72785758972168
798,Spring,-4.943048000335693,24.978879928588867
799,‚ñπ,-19.934690475463867,0.8011302351951599
800,XXXXXXXXXXXXX,-45.607112884521484,-8.34249496459961
801,Professional,-21.97893524169922,6.247416973114014
802,Organized,26.593191146850586,12.521642684936523
803,oriented,27.123096466064453,11.434284210205078
804,DevOps,-25.750259399414062,18.533567428588867
805,Cloud,-8.26937198638916,-26.985628128051758
806,logistics,33.14784240722656,14.638253211975098
807,meeting,19.359323501586914,24.848711013793945
808,Collaborated,20.36757469177246,17.31321907043457
809,requirements,21.007883071899414,24.946125030517578
810,integration,-14.043771743774414,-4.480757713317871
811,documentation,43.604896545410156,1.5210373401641846
812,Electronic,-30.745349884033203,-4.853668212890625
813,facilitate,34.83000564575195,13.985513687133789
814,metrics,40.20023727416992,19.81393051147461
815,practices,9.001969337463379,8.708996772766113
816,areas,24.46809196472168,11.316561698913574
817,ensured,31.921483993530273,-0.22742904722690582
818,cost,36.9858283996582,9.708505630493164
819,self,20.54717445373535,4.727829933166504
820,forms,22.530912399291992,3.382887601852417
821,Now,-11.816387176513672,-7.102643013000488
822,expertise,30.481245040893555,5.944238662719727
823,appropriate,20.9339656829834,2.468080997467041
824,files,17.942848205566406,2.6095521450042725
825,party,-8.8683500289917,-6.124595642089844
826,achieve,13.574173927307129,-12.15560245513916
827,goal,28.84992218017578,12.130963325500488
828,cultural,-27.313154220581055,4.291440010070801
829,Strong,-14.417519569396973,-5.615935325622559
830,Oracle,35.77946090698242,1.6630053520202637
831,CI,-8.806208610534668,0.07309171557426453
832,Finance,-36.81983184814453,11.608089447021484
833,Job,-16.906557083129883,3.27993106842041
834,principles,13.927728652954102,-29.858667373657227
835,Pair,14.04543399810791,-31.045122146606445
836,French,-14.268146514892578,7.231936454772949
837,open,42.80885696411133,-8.137998580932617
838,intensive,-29.258190155029297,-16.353357315063477
839,40,21.380084991455078,-5.897570610046387
840,women,10.911808013916016,-36.72871017456055
841,looking,3.5289862155914307,18.002885818481445
842,instructors,6.183053970336914,7.802806854248047
843,independent,12.87091064453125,15.83784294128418
844,Topics,-10.389775276184082,10.709866523742676
845,Freelance,-35.50607681274414,-3.0348432064056396
846,way,-1.5793548822402954,14.412395477294922
847,maintain,5.381388187408447,13.423083305358887
848,live,-21.64923095703125,3.7967371940612793
849,Zoom,-0.15787607431411743,21.882835388183594
850,add,6.361950397491455,-5.917975425720215
851,found,3.1552627086639404,18.030643463134766
852,Cellular,-21.58830451965332,-5.638469219207764
853,basic,5.478025436401367,-8.679125785827637
854,Tic,-4.508364200592041,0.527198314666748
855,Tac,-4.690192699432373,0.5602571368217468
856,Toe,-4.730311870574951,0.5471173524856567
857,utilizes,-5.088390827178955,-33.112274169921875
858,api,9.089669227600098,-1.7685542106628418
859,Zombie,-0.7748931646347046,1.119048833847046
860,Other,-19.157180786132812,6.7589240074157715
861,works,24.740915298461914,-4.475254058837891
862,WEB,-18.2142333984375,-22.238569259643555
863,Visual,-17.732486724853516,-3.922154188156128
864,2004,-35.11625671386719,19.10161781311035
865,Bay,-45.120521545410156,-2.912309408187866
866,structures,-16.73760986328125,-10.101774215698242
867,Founder,-3.9716403484344482,9.333763122558594
868,campaign,5.9021172523498535,0.7226529121398926
869,launch,5.574388027191162,0.84928297996521
870,investment,31.881126403808594,10.629514694213867
871,High,-33.1814079284668,-6.961670875549316
872,Pittsburgh,-34.03135299682617,6.803324222564697
873,tickets,27.351985931396484,-5.427525520324707
874,Director,-30.27619743347168,22.29781150817871
875,Wrote,14.510201454162598,16.864421844482422
876,cash,36.78937530517578,-7.647509574890137
877,Performed,33.02857971191406,4.675640106201172
878,network,13.838109016418457,-9.870946884155273
879,St.,-41.01496124267578,4.988913536071777
880,Degree,-34.38106918334961,2.8004844188690186
881,increased,26.24481773376465,-12.557924270629883
882,increasing,27.491884231567383,-8.726180076599121
883,allowed,20.32453155517578,-16.58519744873047
884,sending,1.7136783599853516,-28.659770965576172
885,solo,4.646834373474121,-3.685502052307129
886,80,21.658363342285156,-12.946294784545898
887,Daily,22.622018814086914,-28.975421905517578
888,1:1,18.682044982910156,-11.068595886230469
889,Help,26.795976638793945,19.08114242553711
890,Advanced,-11.532575607299805,10.47977066040039
891,message,1.664766788482666,-28.60525894165039
892,models,38.97087478637695,-1.3331249952316284
893,available,32.88487243652344,14.765254020690918
894,main,10.220000267028809,10.663470268249512
895,Promoted,-26.90677261352539,23.405460357666016
896,sure,18.034727096557617,-2.8526790142059326
897,Representative,-31.560935974121094,18.637086868286133
898,Financial,-30.554821014404297,8.247519493103027
899,Code,-25.76679229736328,9.441766738891602
900,February,-34.2052116394043,15.550689697265625
901,appointments,7.637605667114258,-9.421298027038574
902,keeping,5.714539051055908,22.87552261352539
903,PA,-36.92546463012695,-8.526371955871582
904,cards,-2.2715015411376953,-19.16459083557129
905,oÔ¨Éce,20.46409034729004,23.138586044311523
906,Assist,18.33881950378418,23.240190505981445
907,OÔ¨Éce,-10.358510971069336,17.891014099121094
908,Written,-12.462204933166504,-12.0319185256958
909,IBM,-9.768884658813477,3.870770215988159
910,Provide,19.82963752746582,12.301122665405273
911,questions,16.7109432220459,24.719440460205078
912,variety,15.731053352355957,15.700457572937012
913,maintenance,18.927349090576172,22.593854904174805
914,Learning,-23.934080123901367,-2.1821866035461426
915,November,-38.47979736328125,16.533702850341797
916,vendors,24.57396697998047,-8.660258293151855
917,annual,27.512039184570312,-8.560247421264648
918,update,38.250999450683594,1.8186928033828735
919,leading,24.609363555908203,-6.352401256561279
920,April,-34.38176727294922,16.55579948425293
921,Spanish,-14.372657775878906,8.719922065734863
922,Product,-28.132488250732422,18.581846237182617
923,Real,-40.655643463134766,-4.029597759246826
924,Estate,-40.93455505371094,-4.162580966949463
925,speed,-8.583544731140137,-9.163528442382812
926,budget,17.803272247314453,-7.8205084800720215
927,plans,16.194517135620117,-8.50960922241211
928,determine,24.55304527282715,1.7770109176635742
929,BA,-32.95917510986328,11.984234809875488
930,National,-39.925167083740234,5.700828552246094
931,Taught,-28.865177154541016,-1.1457064151763916
932,XXXXXXXXXXXXXX,-46.691226959228516,-8.413477897644043
933,Tasks,-26.404895782470703,9.954368591308594
934,invoice,39.408721923828125,2.605558395385742
935,feature,14.855414390563965,13.131714820861816
936,Communication,-47.202796936035156,9.191323280334473
937,09/2015,-34.82314682006836,6.074936866760254
938,player,40.81486892700195,1.072331190109253
939,Vanilla,-10.130823135375977,-23.71950912475586
940,Diego,-43.314239501953125,-4.4536824226379395
941,M,22.275279998779297,-14.23769474029541
942,analyzed,29.07383155822754,0.5746428966522217
943,Made,17.60310935974121,25.986684799194336
944,Networks,-14.25725269317627,3.8967843055725098
945,Psychology,-33.006710052490234,15.260287284851074
946,Card,-24.258506774902344,6.037832736968994
947,finding,-0.09540629386901855,-15.617644309997559
948,Ramon,-42.346553802490234,-7.432914733886719
949,immersive,-29.700889587402344,-17.55789566040039
950,Analytics,-6.406038761138916,19.98067283630371
951,algorithm,9.619024276733398,0.47798341512680054
952,traffic,14.104467391967773,2.736980438232422
953,location,7.5960540771484375,-3.387460470199585
954,driven,31.100032806396484,8.650134086608887
955,Open,-18.38931655883789,27.035886764526367
956,presenting,19.5726261138916,-22.053647994995117
957,View,-20.273099899291992,0.11916711926460266
958,T,-5.669347286224365,10.731074333190918
959,focus,12.671835899353027,-12.417302131652832
960,X,-26.059221267700195,-0.21207080781459808
961,handling,29.37635040283203,3.935123920440674
962,thousands,6.89031982421875,3.9834914207458496
963,XXXXXXXXXXXXXXXXXXXXXX,-47.24518585205078,-8.92933177947998
964,manuals,20.840517044067383,3.6070852279663086
965,DEVELOPER,-20.465856552124023,-21.34623908996582
966,experiences,27.53587532043457,-3.483016014099121
967,python,-7.4949116706848145,-27.636259078979492
968,Wordpress,-10.986538887023926,-4.448718547821045
969,Test,-21.338552474975586,-34.07911682128906
970,Driven,-21.374919891357422,-34.09189224243164
971,Texts,-6.364840984344482,-1.8542659282684326
972,Auth,-11.542387008666992,-28.029293060302734
973,East,-41.213172912597656,2.3761584758758545
974,Ô¨Çow,17.400266647338867,26.938228607177734
975,additional,17.748477935791016,-4.561105728149414
976,special,26.81104278564453,6.581645488739014
977,invoices,36.817832946777344,-7.512433052062988
978,hands,-31.286693572998047,-18.181304931640625
979,troubleshooting,32.636009216308594,6.6313252449035645
980,core,42.260658264160156,0.7591456770896912
981,note,4.326252460479736,-17.79329490661621
982,taking,4.376823902130127,-17.730968475341797
983,Step,-42.22966384887695,-3.2942686080932617
984,children,13.991645812988281,-18.643661499023438
985,Authority,-31.224895477294922,18.724933624267578
986,Department,-39.26588821411133,6.758871078491211
987,editing,19.332443237304688,-21.959970474243164
988,LinkedIn,2.45530366897583,15.183961868286133
989,Orlando,-32.13622283935547,15.461448669433594
990,Mar.,-33.65541076660156,18.37937355041504
991,World,-25.605186462402344,16.956104278564453
992,Leaders,35.407798767089844,23.033981323242188
993,operation,36.341800689697266,7.133543014526367
994,3rd,-1.029748797416687,-4.050791263580322
995,Jun.,-33.498435974121094,17.415903091430664
996,Society,-34.41654968261719,4.1678242683410645
997,SEO,13.2004976272583,2.2697885036468506
998,Added,39.18891906738281,-0.9643325209617615
999,assisting,42.96803665161133,8.793099403381348
1000,Deployed,-8.556548118591309,-19.601537704467773
1001,hardware,33.42514419555664,11.69057559967041
1002,able,10.289008140563965,14.7061767578125
1003,Link,-11.861730575561523,0.8363083004951477
1004,standup,13.596590995788574,26.031572341918945
1005,York,-47.55374526977539,2.9173662662506104
1006,generation,29.89234733581543,1.513019323348999
1007,AJAX,-13.372564315795898,-23.995668411254883
1008,Awards,-13.072272300720215,0.5233279466629028
1009,Check,-10.629633903503418,-12.031286239624023
1010,PCL,-8.94374942779541,-10.161161422729492
1011,Physics,-33.087642669677734,6.612422943115234
1012,handled,30.450849533081055,30.37432098388672
1013,github,-4.058438301086426,-13.24091911315918
1014,lead,6.733095169067383,12.924385070800781
1015,Officer,-28.713422775268555,12.607064247131348
1016,statistics,29.364641189575195,5.67695951461792
1017,deliver,22.74186897277832,8.556519508361816
1018,sessions,24.22080421447754,-2.134415626525879
1019,friends,0.6886691451072693,-15.033506393432617
1020,Video,-25.83674430847168,12.750022888183594
1021,Wang,-19.629253387451172,-6.189984321594238
1022,Book,-15.274430274963379,1.9797760248184204
1023,Assembly,-19.10308074951172,-7.629478931427002
1024,Ocean,-35.96627426147461,3.3199687004089355
1025,Supervisor,-40.09318542480469,-7.054412841796875
1026,P.E.,-40.618778228759766,-7.1029276847839355
1027,dredge,-19.034130096435547,21.98555564880371
1028,driving,15.692554473876953,-6.86675500869751
1029,suction,13.432570457458496,22.58078956604004
1030,Mobile,-8.705768585205078,-3.167320489883423
1031,culture,-12.650053977966309,7.5748515129089355
1032,strategies,26.082395553588867,14.220760345458984
1033,Singapore,-32.79561996459961,20.901142120361328
1034,Mongodb,-5.55431604385376,-33.32017135620117
1035,Cohort,-19.56524085998535,16.86195945739746
1036,interpreter,-22.42656707763672,20.274192810058594
1037,India-,-22.698152542114258,21.61191177368164
1038,devices,33.15404510498047,9.351943969726562
1039,La,-28.167160034179688,26.29334831237793
1040,Porte,-28.153902053833008,26.257854461669922
1041,TDD,12.746259689331055,-32.072994232177734
1042,Orva,-25.71233367919922,21.784198760986328
1043,Workflow,-3.5702855587005615,25.77325439453125
1044,portal,-12.57269287109375,14.692336082458496
1045,Song,-13.475351333618164,29.419775009155273
1046,Quiz,-13.42734146118164,29.423179626464844
1047,Feedmob,2.140488386154175,0.9902750253677368
1048,‚Üí,-36.91618728637695,19.000141143798828
1049,Hill,-40.26537322998047,-6.336679935455322
1050,schedules,23.556081771850586,21.49770736694336
1051,coordinating,28.714981079101562,13.283365249633789
1052,diverse,29.13813591003418,12.66524887084961
1053,resources,25.66721534729004,12.774250984191895
1054,objectives,25.894662857055664,11.55479621887207
1055,detail,25.697858810424805,10.780567169189453
1056,demonstrated,29.912084579467773,8.31546688079834
1057,History,-21.195222854614258,9.235816955566406
1058,Solutions,-30.73051643371582,6.683958053588867
1059,supporting,39.33760070800781,13.089975357055664
1060,office,27.133682250976562,17.74386978149414
1061,Clinic,19.046945571899414,18.391681671142578
1062,overseeing,21.779151916503906,20.684141159057617
1063,creation,21.402463912963867,21.006900787353516
1064,guides,21.53512191772461,26.483997344970703
1065,look,6.291480541229248,-3.3925838470458984
1066,key,23.06702423095703,12.52597713470459
1067,role,23.130542755126953,15.75820541381836
1068,User,-17.078357696533203,5.783161163330078
1069,ensuring,26.535974502563477,8.480769157409668
1070,resolution,26.49730110168457,9.898843765258789
1071,Acted,19.864395141601562,15.906977653503418
1072,contact,18.389049530029297,7.699665069580078
1073,Record,-30.772722244262695,-4.977357864379883
1074,standards,27.317123413085938,13.196173667907715
1075,compliance,21.75591278076172,12.461403846740723
1076,audit,15.783204078674316,5.617208957672119
1077,Ran,27.4713191986084,1.356513261795044
1078,offshore,27.77202033996582,16.254125595092773
1079,consumer,21.838272094726562,13.231045722961426
1080,dashboards,18.236492156982422,4.473320960998535
1081,visualization,16.524642944335938,3.9571075439453125
1082,Improved,26.2322940826416,4.218702793121338
1083,ServiceNow,20.505569458007812,6.543614387512207
1084,platforms,18.619577407836914,5.242869853973389
1085,save,7.103669166564941,-3.272629976272583
1086,human,16.776554107666016,5.696104049682617
1087,deployments,21.111528396606445,14.945650100708008
1088,environments,-13.810535430908203,-6.606985092163086
1089,Monitored,16.67936897277832,7.5995941162109375
1090,transmission,19.131488800048828,3.9296414852142334
1091,keys,23.00775146484375,30.88504981994629
1092,scripts,15.978331565856934,11.004919052124023
1093,provided,22.02146339416504,1.4230538606643677
1094,resolutions,15.133090019226074,11.60850715637207
1095,Using,-11.993612289428711,-5.884942054748535
1096,manipulation,27.52039337158203,3.183015823364258
1097,POS,28.204252243041992,3.2335076332092285
1098,decisions,16.234310150146484,-1.2531371116638184
1099,manner,24.587369918823242,9.230396270751953
1100,MBA,-35.35866928100586,10.69215202331543
1101,XXXXXXXXXXXXXXXX,-18.411653518676758,1.1353695392608643
1102,CRUD,-11.524151802062988,-3.299085855484009
1103,Create,2.3564014434814453,-5.086343765258789
1104,Read,2.498715400695801,-5.628386497497559
1105,System,-18.973960876464844,0.06441241502761841
1106,setting,17.397403717041016,-0.5162688493728638
1107,css,-14.689374923706055,-7.960835933685303
1108,How,-21.474123001098633,27.478736877441406
1109,'d,-21.45030403137207,27.45626449584961
1110,Go,-21.19093894958496,27.476398468017578
1111,businesses,5.378140449523926,-4.581477642059326
1112,owners,29.718994140625,-16.426544189453125
1113,send,29.214221954345703,-16.68577003479004
1114,messages,29.845714569091797,-16.5286922454834
1115,start,7.460716247558594,7.343725204467773
1116,TA,-18.192089080810547,-7.8111982345581055
1117,Working,17.601625442504883,19.379261016845703
1118,All,-10.846643447875977,-1.0910801887512207
1119,Best,-33.888370513916016,9.023988723754883
1120,Training,-16.18393325805664,1.8734924793243408
1121,tier,28.3598690032959,19.750263214111328
1122,networking,10.064905166625977,-15.565500259399414
1123,ability,12.45230484008789,4.993574142456055
1124,ups,5.393147945404053,15.53465461730957
1125,coded,0.3513815402984619,4.760870933532715
1126,diÔ¨Äerent,-5.038579940795898,-33.22636032104492
1127,Graduated,-33.52726745605469,-6.610158443450928
1128,GPA,-31.146541595458984,1.4149770736694336
1129,computers,5.204731464385986,10.907574653625488
1130,1997,-32.824119567871094,3.866305351257324
1131,past,-1.602046012878418,14.39123249053955
1132,teach,-6.55889892578125,7.085311412811279
1133,ones,4.884714603424072,14.360877990722656
1134,Lewis,-28.404579162597656,7.272299289703369
1135,bot,16.99239730834961,26.991289138793945
1136,Automaton,-20.730783462524414,-4.391838550567627
1137,change,4.2573394775390625,-6.13942813873291
1138,demo,6.1864848136901855,-2.3378117084503174
1139,chat,6.149485111236572,-6.831669807434082
1140,desktop,3.6185195446014404,-2.2479944229125977
1141,Text,-15.639363288879395,-1.9989852905273438
1142,map,1.2795169353485107,3.797445774078369
1143,rest,-36.25343704223633,-8.607454299926758
1144,updated,0.19656287133693695,-1.67009437084198
1145,think,1.1064577102661133,13.140538215637207
1146,Studio,-18.1365909576416,-3.874204158782959
1147,Email,-20.405668258666992,1.6109488010406494
1148,Grew,25.570383071899414,-14.187580108642578
1149,Facilitated,9.153568267822266,28.478477478027344
1150,lessons,15.808238983154297,-12.788880348205566
1151,frameworks,-13.678911209106445,-21.592809677124023
1152,initiatives,30.106037139892578,18.236909866333008
1153,corporate,17.451555252075195,17.826934814453125
1154,check,21.598377227783203,-10.504837989807129
1155,improvement,22.254228591918945,-10.36939811706543
1156,style,10.27086353302002,-15.775774002075195
1157,editor,20.554765701293945,1.1685351133346558
1158,Louisville,-33.53305435180664,-6.549895286560059
1159,1992,-30.797685623168945,14.679553031921387
1160,programs,-12.400344848632812,4.857338905334473
1161,numerous,16.0718994140625,15.033672332763672
1162,consistent,25.10418701171875,-10.799073219299316
1163,Jersey,-47.19497299194336,5.55821418762207
1164,non,7.231611251831055,32.963619232177734
1165,11,-28.249710083007812,11.462936401367188
1166,19,11.10860824584961,-15.553873062133789
1167,Perform,17.791271209716797,-10.90384292602539
1168,Mattress,-28.18059730529785,21.596742630004883
1169,Firm,-28.189233779907227,21.54671287536621
1170,Gave,19.578115463256836,-2.0899131298065186
1171,great,19.394182205200195,-1.7469640970230103
1172,pay,8.219914436340332,-8.999491691589355
1173,images,3.1200509071350098,-3.044562339782715
1174,need,10.35933780670166,11.378040313720703
1175,Authorized,14.533364295959473,11.107588768005371
1176,Section,-19.664087295532227,16.763689041137695
1177,Review,26.935224533081055,-24.526302337646484
1178,pull,28.21902084350586,-25.118106842041016
1179,Egg,-29.748336791992188,17.080347061157227
1180,Trainer,-27.17567253112793,17.046289443969727
1181,hires,-27.478296279907227,22.572772979736328
1182,criticism,25.230627059936523,-0.869006872177124
1183,Green,-24.782236099243164,6.49388313293457
1184,Responsibilities,12.345499992370605,-9.315938949584961
1185,Rest,-13.10650634765625,-2.8674991130828857
1186,running,13.844265937805176,-6.864626407623291
1187,Links,-16.653154373168945,4.194821834564209
1188,practice,3.1465535163879395,-14.104432106018066
1189,spent,29.90971565246582,9.793303489685059
1190,Space,-26.905553817749023,15.1192045211792
1191,Ô¨Åtness,5.159567356109619,22.225570678710938
1192,levels,30.696990966796875,18.992258071899414
1193,effective,27.42588233947754,9.590071678161621
1194,love,3.5566279888153076,10.33370590209961
1195,CONTACT,-13.364042282104492,0.3965580463409424
1196,state,-4.859214782714844,-22.32577896118164
1197,Associates,-36.058597564697266,-2.733102798461914
1198,eye,22.266279220581055,9.405847549438477
1199,options,16.6112060546875,0.31657248735427856
1200,PROGRAMMING,-17.76082420349121,1.438097596168518
1201,concepts,-9.301383018493652,6.570812225341797
1202,thinking,24.07248878479004,16.986438751220703
1203,account,0.9165267944335938,23.33715057373047
1204,vendor,17.299755096435547,17.24235725402832
1205,Implementation,19.844554901123047,17.847761154174805
1206,Shipped,20.854965209960938,18.8812255859375
1207,Admin,-12.882909774780273,14.30316162109375
1208,onsite,19.561723709106445,19.7996826171875
1209,consulting,21.71904754638672,17.799957275390625
1210,Virginia,-36.48752975463867,10.749666213989258
1211,Applications,-33.37527084350586,8.341344833374023
1212,department,23.14933204650879,-10.20105266571045
1213,Media,-22.620460510253906,14.925042152404785
1214,Fairfax,-36.660579681396484,9.943994522094727
1215,Animal,-35.485904693603516,11.822359085083008
1216,General,-34.851192474365234,12.290966033935547
1217,water,18.863943099975586,16.15928077697754
1218,EMR,16.738500595092773,15.199980735778809
1219,form,17.37858009338379,11.649757385253906
1220,Redesigned,9.552778244018555,7.778639793395996
1221,letter,21.903860092163086,16.957229614257812
1222,subjects,12.666337013244629,-20.255046844482422
1223,Calculus,-37.89938735961914,0.42004966735839844
1224,graduate,28.956018447875977,7.521430492401123
1225,industries,29.143230438232422,8.537043571472168
1226,penetration,30.157608032226562,-4.740659236907959
1227,studies,24.37325668334961,16.999563217163086
1228,PROFESSIONAL,-26.471651077270508,-10.589935302734375
1229,term,28.409954071044922,15.404170036315918
1230,largest,25.807674407958984,-9.571261405944824
1231,history,23.16689109802246,-9.884814262390137
1232,potential,16.78567123413086,-9.092204093933105
1233,Identified,21.90082359313965,12.098424911499023
1234,cross,22.94765281677246,10.334510803222656
1235,college,19.63819694519043,-10.297346115112305
1236,Executive,-30.104646682739258,23.11553382873535
1237,2019,-26.1408634185791,13.727569580078125
1238,Asian,-40.97626495361328,3.4596874713897705
1239,Studies,-39.81189727783203,5.04984712600708
1240,bring,19.426347732543945,10.118338584899902
1241,learned,-16.076021194458008,-6.1858134269714355
1242,OS,-19.93316650390625,-7.068371772766113
1243,Scheduling,-21.101242065429688,-7.9045515060424805
1244,CEO,18.614959716796875,14.15868854522705
1245,Was,-11.67648696899414,23.913244247436523
1246,policy,16.501415252685547,8.193548202514648
1247,conducted,23.950088500976562,0.6030486822128296
1248,interviews,21.016521453857422,-1.3003761768341064
1249,analyzing,27.403900146484375,14.724411010742188
1250,Met,16.7210750579834,-11.220093727111816
1251,professors,16.425477981567383,-13.578716278076172
1252,Accounting,-34.538230895996094,7.881305694580078
1253,Contract,-21.11318016052246,7.4356913566589355
1254,spend,1.2966583967208862,-0.005670628976076841
1255,display,10.193011283874512,3.16642689704895
1256,improved,13.15125846862793,4.909304618835449
1257,Utah,-35.51449203491211,9.388262748718262
1258,experts,16.961545944213867,-8.55614185333252
1259,received,1.0598992109298706,15.872267723083496
1260,agency,20.523019790649414,16.403940200805664
1261,Included,-9.694612503051758,1.81364107131958
1262,Modeling,-30.261062622070312,-1.9535270929336548
1263,presented,-19.37665367126465,21.822080612182617
1264,report,16.1038875579834,5.24177885055542
1265,Supervised,19.77509117126465,-5.5966572761535645
1266,Computation,-16.404991149902344,12.553561210632324
1267,Graphs,-16.394926071166992,12.566617965698242
1268,quick,19.585617065429688,13.546893119812012
1269,List,-33.6319465637207,0.545831024646759
1270,pages,24.71047019958496,4.003962993621826
1271,link,1.069627285003662,-5.982358932495117
1272,versatile,29.141071319580078,26.506629943847656
1273,Automata,-21.686260223388672,-7.0470709800720215
1274,healthy,20.564889907836914,10.88244915008545
1275,legal,23.454381942749023,11.986270904541016
1276,Volunteering,-12.933720588684082,0.2050817608833313
1277,Mining,-13.0131196975708,14.141500473022461
1278,Deep,-23.374666213989258,-1.1127533912658691
1279,Machine,-23.88786506652832,-2.1744821071624756
1280,Neural,-15.264904022216797,3.3428752422332764
1281,These,9.667905807495117,3.4197311401367188
1282,helped,9.541603088378906,14.7316255569458
1283,Han,-31.325302124023438,11.364118576049805
1284,photos,0.15208260715007782,-15.439163208007812
1285,Jul.,-31.966144561767578,16.410297393798828
1286,pattern,14.681212425231934,0.7561504244804382
1287,leadership,36.03247833251953,9.7408447265625
1288,Seoul,-44.485084533691406,-9.307103157043457
1289,interpreted,29.731840133666992,-0.16293317079544067
1290,spatial,22.279132843017578,1.8966671228408813
1291,random,7.683253765106201,0.18147003650665283
1292,China,-30.359554290771484,2.4285037517547607
1293,Apple,-7.355343818664551,3.711138963699341
1294,news,18.136781692504883,-20.573104858398438
1295,Academic,-22.14376449584961,10.075506210327148
1296,subscription,-6.2845025062561035,-11.099832534790039
1297,launched,29.725168228149414,-5.267280578613281
1298,60,-28.66143798828125,-7.071593284606934
1299,decision,-30.422483444213867,10.89626407623291
1300,properties,24.69769859313965,-13.415474891662598
1301,NoSQL,-9.581531524658203,-20.634601593017578
1302,music,9.64860725402832,-11.674619674682617
1303,teachers,9.862617492675781,-11.60142707824707
1304,Creative,-17.6966495513916,3.758227586746216
1305,INSTRUCTOR,-44.42329406738281,-8.598980903625488
1306,graded,9.591962814331055,21.85500144958496
1307,Awarded,-29.667556762695312,11.581794738769531
1308,Electronics,-34.018714904785156,7.5025715827941895
1309,pianos,24.06064796447754,23.99443244934082
1310,Me,3.1308798789978027,4.744454860687256
1311,deadlines,24.733203887939453,13.564384460449219
1312,proper,32.7735595703125,16.128183364868164
1313,Frameworks,-18.188093185424805,3.4245402812957764
1314,75,12.021736145019531,-5.423213005065918
1315,deployment,-10.134356498718262,-5.770715713500977
1316,programmed,14.117167472839355,-31.171232223510742
1317,Deployment,-8.318229675292969,-26.955881118774414
1318,method,9.688217163085938,0.21298004686832428
1319,SPA,-10.289956092834473,-27.335969924926758
1320,responsive,41.567108154296875,4.622620105743408
1321,total,39.5577392578125,1.0810959339141846
1322,JWT,-11.59941577911377,-28.015727996826172
1323,Chinese,-14.69312858581543,7.406817436218262
1324,ENGLISH,-30.056957244873047,5.2528395652771
1325,annually,29.688060760498047,-9.709366798400879
1326,Maintain,17.049114227294922,14.375964164733887
1327,contracts,16.608501434326172,17.871959686279297
1328,contract,15.397310256958008,12.564352989196777
1329,Chief,-29.499765396118164,14.564987182617188
1330,Unit,-22.257036209106445,-34.040645599365234
1331,Administration,-31.51613426208496,6.949444770812988
1332,especially,11.648275375366211,-19.391292572021484
1333,faculty,9.238239288330078,-14.569822311401367
1334,OAuth,7.38222599029541,-13.388879776000977
1335,adapted,7.1664509773254395,-13.189050674438477
1336,WebSockets,-10.013788223266602,-24.77439308166504
1337,specifications,15.005709648132324,29.706159591674805
1338,discussions,23.22259521484375,-28.273452758789062
1339,WV,-38.71146774291992,-3.745065927505493
1340,grades,13.224531173706055,-19.521530151367188
1341,math,14.000560760498047,-18.35230255126953
1342,Sold,28.159900665283203,19.0078067779541
1343,hundreds,27.953521728515625,19.107633590698242
1344,budgeted,12.932947158813477,18.603239059448242
1345,TN,-33.629207611083984,12.21351146697998
1346,XXXXXXXXXXXXXXXXXXXXXXXXX,-18.360475540161133,1.6656838655471802
1347,Hairspray,-13.336947441101074,0.07769078761339188
1348,book,39.29819107055664,-10.336715698242188
1349,leave,7.633528232574463,-9.518714904785156
1350,ends,10.310569763183594,12.36544418334961
1351,Host,-28.586275100708008,15.76779842376709
1352,Main,-31.311552047729492,13.901900291442871
1353,common,0.9445626735687256,-8.644966125488281
1354,alongside,25.871530532836914,21.51826286315918
1355,Universal,-33.45065689086914,16.159751892089844
1356,Sinon,-17.523788452148438,5.712684154510498
1357,‚Äô18,-36.269805908203125,-11.108261108398438
1358,officers,6.770340919494629,3.435331344604492
1359,providing,30.620580673217773,7.6495466232299805
1360,Month,-30.170225143432617,-17.316184997558594
1361,Motors,-20.815025329589844,20.93295669555664
1362,05,-31.784412384033203,15.386214256286621
1363,come,5.3747968673706055,9.707249641418457
1364,meetup,3.216679573059082,18.480548858642578
1365,scheduling,3.3533132076263428,14.998980522155762
1366,companion,0.44122278690338135,-5.19565486907959
1367,recipe,41.2156982421875,4.329568386077881
1368,charity,11.534024238586426,-5.368910312652588
1369,XXXXXXXXXXXXXXXXXXXXXXXXXX,-47.31684494018555,-8.239847183227539
1370,Rutgers,-37.1380500793457,8.237801551818848
1371,Integration,-10.317917823791504,1.7283090353012085
1372,JSON,-14.12659740447998,-24.192676544189453
1373,primary,-1.4353052377700806,17.589736938476562
1374,applying,20.2568359375,-5.414704322814941
1375,home,7.42833137512207,6.718424320220947
1376,Robert,-39.51681900024414,-7.180431842803955
1377,Production,-17.144859313964844,-1.2041786909103394
1378,Use,-13.905322074890137,-12.005459785461426
1379,collection,29.572473526000977,4.964590549468994
1380,DFAS,-9.822912216186523,-10.955039978027344
1381,mail,9.748931884765625,7.248631000518799
1382,AFP,-8.74924373626709,-9.708475112915039
1383,Forms,-18.035825729370117,-3.72235107421875
1384,located,9.127657890319824,28.500102996826172
1385,repositories,9.745955467224121,21.864961624145508
1386,Hobbies,-16.634845733642578,2.660052537918091
1387,deep,13.484420776367188,-7.09315824508667
1388,Michael,-17.55394744873047,2.087275266647339
1389,WAMP,-20.670909881591797,-16.175067901611328
1390,Blockchain,-20.92546272277832,-16.19867515563965
1391,While,3.6074655055999756,13.174816131591797
1392,utilize,9.686179161071777,1.6970161199569702
1393,Brand,11.753425598144531,-13.036025047302246
1394,interact,42.74065017700195,2.1618452072143555
1395,Jesse,-14.706216812133789,-12.170132637023926
1396,Many,-14.798789024353027,-12.00706672668457
1397,Geoinformatics,-30.297340393066406,-3.786289930343628
1398,Analyze,27.657625198364258,5.056149482727051
1399,ArcGIS,6.51092529296875,33.893959045410156
1400,Trained,-16.2300968170166,-5.623167037963867
1401,Nanodegree,-25.59284210205078,7.4905242919921875
1402,Co,-3.9688518047332764,9.483181953430176
1403,Graduate,-37.67073059082031,10.634869575500488
1404,scholarship,-33.678340911865234,0.27118778228759766
1405,ESL,16.042505264282227,-11.668657302856445
1406,Adult,-35.88825607299805,-5.032378673553467
1407,Composition,-46.71001434326172,8.994756698608398
1408,Algebra,-29.212614059448242,-1.2116131782531738
1409,CRM,20.834827423095703,8.420096397399902
1410,elementary,14.23151969909668,-17.314565658569336
1411,publication,15.159660339355469,20.901470184326172
1412,natural,23.864822387695312,-19.041522979736328
1413,WIP,-11.61450481414795,-2.626603841781616
1414,combat,17.86016082763672,-0.7499164342880249
1415,-Worked,6.614500999450684,10.615983009338379
1416,solve,2.9072933197021484,11.518844604492188
1417,covered,-17.27231216430664,-9.300110816955566
1418,theory,-9.206584930419922,6.474256992340088
1419,journal,27.143095016479492,0.45288732647895813
1420,Maintaining,26.460493087768555,4.318746089935303
1421,believe,3.397467613220215,11.505547523498535
1422,semesters,-18.620283126831055,4.8157830238342285
1423,Dr.,-18.006877899169922,0.40032461285591125
1424,Loan,-9.548124313354492,-0.32852599024772644
1425,loans,4.398416042327881,-10.47120475769043
1426,Car,-25.642444610595703,6.516030311584473
1427,command,39.27145004272461,-10.331575393676758
1428,Pvt,-23.09527015686035,20.339872360229492
1429,Pune,-37.375144958496094,6.2780327796936035
1430,Overall,13.107333183288574,-9.469026565551758
1431,Currently,-29.50693130493164,9.69318962097168
1432,Western,-21.073230743408203,11.511177062988281
1433,Orcaflex,27.81972885131836,4.93782377243042
1434,primarily,12.768610954284668,12.684150695800781
1435,Engineers,-27.733457565307617,4.64086389541626
1436,Programmer,-29.91075897216797,17.20456886291504
1437,Peter,-28.022747039794922,7.426534652709961
1438,CptS,-20.365062713623047,-6.8954315185546875
1439,MySql,-13.483683586120605,-9.027556419372559
1440,Home,0.24925914406776428,22.975826263427734
1441,commerce,-3.659827947616577,10.296014785766602
1442,Ltd,-22.715879440307617,20.644227981567383
1443,entries,27.32012939453125,-0.2094993144273758
1444,established,14.022464752197266,17.388154983520508
1445,Jquery,-12.451233863830566,-3.9047534465789795
1446,cohort,-30.063594818115234,-20.74226951599121
1447,Bharat,-26.519105911254883,3.1612813472747803
1448,Forge,-26.582645416259766,3.1705925464630127
1449,level,-13.358627319335938,2.6886141300201416
1450,Control,-17.212675094604492,7.350212574005127
1451,conversation,16.808746337890625,25.389514923095703
1452,Arduino,1.5266847610473633,-8.600845336914062
1453,relational,-4.784350872039795,-19.864849090576172
1454,scores,15.493583679199219,-10.427508354187012
1455,Camp,-43.541751861572266,-5.615350246429443
1456,Pendleton,-43.551334381103516,-5.502033233642578
1457,techniques,25.558917999267578,-5.040600299835205
1458,-Full,-23.86198616027832,-13.661097526550293
1459,machine,23.781375885009766,-18.92668342590332
1460,Columbus,-36.87431335449219,-4.446235179901123
1461,queries,39.5635871887207,0.9056799411773682
1462,usability,32.13795852661133,5.0241241455078125
1463,Alexa,-13.109469413757324,29.442293167114258
1464,Barbee,2.0451183319091797,0.8811138272285461
1465,Saied,-21.06796646118164,-2.0420119762420654
1466,reddit,22.325761795043945,-14.498327255249023
1467,Kyrgyz,-12.599104881286621,7.61635160446167
1468,given,20.605453491210938,-11.404335021972656
1469,INC,-18.46024513244629,2.960867404937744
1470,ARMY,-39.49617385864258,13.466608047485352
